,read_length_bp,sequences_split_libraries,observations_closed_ref_greengenes,observations_closed_ref_silva,observations_open_ref_greengenes,observations_deblur_90bp
1,132,40944,39472,39929,40870,27871
2,132,35636,34550,34666,35599,24134
3,132,46992,43925,43852,46875,30041
4,132,30131,29179,29553,30094,21132
5,132,29907,29034,29310,29865,20875
6,132,40565,39123,39200,40433,25919
7,132,49669,47800,48154,49582,32962
8,132,16954,15824,16107,16870,10838
9,132,20378,18484,19185,20280,13559
10,132,16832,15888,16278,16768,11276
11,132,16622,14630,15129,16545,10635
12,132,21703,21149,21291,21669,16250
13,132,18580,17692,17927,18514,11904
14,132,69716,67343,67582,69538,47314
15,132,47002,44043,44976,46783,30347
16,132,44084,42135,42287,43960,31629
17,132,33416,32255,32613,33371,21734
18,132,39556,38937,39048,39521,28686
19,132,40673,38131,38838,40530,26217
20,132,42906,42309,42429,42847,31601
21,132,10470,10169,10253,10457,8060
22,132,10892,10407,10645,10888,8456
23,132,11284,11045,11065,11278,8693
24,132,45100,43379,43944,45070,34771
25,132,43871,42619,42820,43854,34508
26,132,36821,35624,35807,36800,28528
27,132,37428,36801,36902,37421,29224
28,132,36166,35134,35245,36149,27779
29,132,27392,26666,26978,27382,20656
30,132,36569,35561,35708,36554,28197
31,132,31984,31209,31326,31975,24655
32,132,28157,27498,27576,28143,21865
33,132,35602,34700,34812,35587,27829
34,132,31942,31164,31304,31926,24115
35,132,38509,37503,37610,38495,30363
36,132,33460,32617,32735,33438,26615
37,100,254667,194725,202513,236619,93645
38,100,145592,112277,114891,137752,56060
39,100,160362,120070,124649,147712,57253
40,100,409660,267338,294409,405394,246139
41,100,665113,521428,545036,661251,437823
42,100,552698,430390,446192,541983,287306
43,100,716093,593535,609665,705982,398992
44,100,428944,341934,345075,427926,282287
45,100,600214,532605,541599,598908,447205
46,100,519229,445743,442363,516432,320333
47,100,621054,570151,575878,618256,426620
48,100,681983,674191,674002,681302,589438
49,100,598013,581999,582320,597277,493510
50,100,535724,374629,403678,531162,330949
51,100,531148,468922,480105,526822,348748
52,100,639017,545858,555911,626312,312315
53,100,203769,168334,172487,197467,90646
54,100,167076,139067,142084,162532,75575
55,140,298351,275292,280849,297717,201116
56,140,281588,219846,230554,280463,177503
57,140,187735,165334,168100,186813,119184
58,140,271744,221436,231443,270818,181115
59,140,230631,140483,167126,229193,142987
60,140,217961,134035,169479,217037,139000
61,140,264891,216327,224442,264004,173316
62,140,190126,119987,137364,186818,106458
63,140,267369,193137,206711,265324,168752
64,140,348049,289191,301911,346077,209551
65,140,167343,93244,103357,165175,103066
66,140,184668,144613,153755,184437,142001
67,140,174369,127880,129485,172044,111666
68,140,188065,153533,154999,187625,135046
69,140,123532,85940,89866,123045,77751
70,140,134608,120452,120612,134483,110898
71,140,163505,145117,145302,163367,130260
72,140,133163,65774,65905,133077,112285
73,140,119728,108725,108758,119677,98402
74,140,208153,175562,182645,207694,147312
75,140,196885,152785,164648,196401,125258
76,140,138794,109610,116298,138352,89572
77,140,119426,98167,102359,119185,78147
78,140,141777,94484,96499,141287,82314
79,140,162980,117987,131036,162485,101190
80,140,87527,73083,80836,87394,63582
81,140,127464,107796,111600,127152,82032
82,140,265605,238609,247677,265172,209852
83,140,130183,100923,108584,129868,82103
84,140,147981,100862,104858,147710,100305
85,140,110670,92972,97690,110472,74402
86,140,183731,140271,150091,179103,95623
87,140,162477,138094,142703,159600,97430
88,140,142661,135568,136302,142013,113284
89,140,137638,72076,81138,136628,89891
90,140,203048,112027,128659,200558,126515
91,140,156039,86810,101373,154974,101602
92,140,169014,98160,103995,165946,99462
93,140,158006,98681,106064,155847,96671
94,140,152353,92652,104110,151103,92867
95,140,236523,146811,157998,233341,141446
96,140,171503,95010,117791,169890,110176
97,140,205732,134711,146270,203551,121825
98,140,159506,84445,92611,158026,107609
99,140,143001,117842,124012,142490,95628
100,140,166609,134404,141594,166061,114431
101,143,87912,58613,63549,86707,40702
102,143,31471,20139,22078,31110,15180
103,143,39155,26873,29378,38811,18674
104,143,125273,80853,87524,122662,53128
105,143,51547,31107,35511,50810,20626
106,143,41795,27680,30661,41181,19904
107,143,60551,35831,39012,58815,21157
108,143,96139,55960,60125,93036,36181
109,143,71945,39058,42083,69106,29702
110,143,67061,44313,47214,65572,28398
111,143,125457,82228,87281,122030,49020
112,143,90009,48185,52699,87376,39380
113,143,66273,40543,42893,64521,26003
114,143,57542,32221,34930,55920,28267
115,143,65555,36770,39873,64449,32397
116,143,106136,80653,84384,104751,56615
117,100,129909,106716,111943,124394,32597
118,100,209116,196824,200028,207667,76165
119,100,64305,60211,60691,62750,23778
120,100,232598,221008,221989,231062,99022
121,100,74324,64996,66681,72948,28969
122,100,197200,175652,178403,194059,79947
123,100,91673,65321,67740,87977,23055
124,100,87756,51516,53416,83934,22504
125,100,154936,131851,135743,152934,61352
126,100,178581,170149,171572,177316,71672
127,100,23751,22989,23107,23494,8164
128,100,170120,160132,162193,169370,50225
129,100,69915,65364,65705,69169,19840
130,100,201430,191256,191817,200572,77001
131,100,62538,54613,55987,61744,23175
132,100,235714,183544,187167,233328,84810
133,100,73814,54062,56015,71463,15891
134,100,69389,43040,44670,67013,15636
135,100,382124,323715,332327,377822,159812
136,100,280287,234620,242145,276392,110422
137,100,25379,24729,24870,25106,9822
138,100,212385,206161,208822,211503,73420
139,100,60262,57930,58268,59360,24178
140,100,214177,209562,210083,213095,93092
141,100,251556,246273,247009,250553,112109
142,100,265484,215910,219910,263195,107928
143,100,200221,170873,172592,198464,88336
144,100,91758,69757,72329,89526,23125
145,100,78848,49924,51799,76352,19892
146,100,158714,138122,141715,156821,68025
147,100,360748,303992,312310,356530,149934
148,100,167644,142083,146403,161491,42734
149,100,188241,181133,183561,187350,64995
150,100,51934,49560,49885,51114,20733
151,100,14085,13274,13397,13903,5275
152,100,81202,78959,79348,80553,26765
153,100,218991,212813,213512,218120,98170
154,100,182650,168329,170427,181034,80965
155,100,237147,192021,195763,235157,95420
156,100,171527,145932,147463,169926,73941
157,100,88853,66877,69246,86512,23335
158,100,66918,41992,43501,64704,17464
159,100,564350,480622,493836,558852,261934
160,100,344805,335818,340343,343766,147248
161,100,85441,82372,82883,84518,39931
162,100,19775,18590,18733,19482,8716
163,100,108565,100333,102673,107966,53526
164,100,392238,325124,331093,389655,184099
165,100,20581,14552,15395,19737,5851
166,100,152204,116256,120452,149163,47867
167,100,121148,76709,79173,117960,37972
168,100,194912,189314,190423,193854,88688
169,100,252553,248135,248644,251630,109241
170,100,540141,458194,471190,534982,252285
171,100,396652,332148,343619,392242,175825
172,100,30786,30176,30315,30591,14567
173,100,349151,340185,345023,348311,157150
174,100,24641,23151,23354,24351,11128
175,100,137864,136278,136741,137345,57095
176,100,395770,388458,389742,394476,217452
177,100,298626,278708,282320,296838,157216
178,100,379448,315911,321768,377281,183024
179,100,20576,14488,15310,19726,6037
180,100,151306,115840,119986,148476,50136
181,100,98632,63247,65214,96264,32648
182,100,206094,202797,203183,205476,95927
183,100,442908,374448,384913,438510,198817
184,100,219645,188463,194302,212859,63917
185,100,278349,270664,274505,277561,119116
186,100,326361,318831,319947,325225,162378
187,100,57683,55612,55939,57059,26997
188,100,18577,17476,17626,18326,7874
189,100,203685,199940,200431,202973,104285
190,100,112323,110863,111270,111824,44618
191,100,89755,83168,85147,89230,44296
192,100,248021,231207,234162,246527,125555
193,100,118897,90291,93537,116428,37198
194,100,74829,47578,49073,72792,23634
195,137,238685,208247,212163,237538,163972
196,137,131894,113633,115788,131263,90238
197,137,171105,153275,158324,170553,128593
198,137,90148,81143,82828,89866,66563
199,137,24840,21442,21828,24727,16821
200,137,112414,98648,103007,111935,79804
201,137,32990,29418,29719,32841,22668
202,137,23977,21653,22059,23876,17307
203,137,110293,101539,103760,109958,80676
204,137,302839,102554,107008,301919,81809
205,137,242311,197989,205963,239527,162427
206,137,154887,133621,135971,153924,106390
207,137,448873,400423,406882,447232,320506
208,150,64638,57722,58719,64192,39864
209,150,60750,57623,57624,60555,41035
210,150,87439,54792,59711,86528,50235
211,150,90543,62609,66230,89379,51801
212,150,83374,69425,71109,82465,50339
213,150,83502,61976,65545,82114,45805
214,150,88096,53951,54645,87296,55145
215,150,85024,67695,69530,84300,54472
216,150,70833,63887,65523,70349,43742
217,150,63422,55895,56313,62730,40748
218,150,75418,67308,67753,74835,51051
219,150,89499,83109,83758,88920,56641
220,150,70602,51690,54190,69892,42028
221,150,41898,26424,28640,41397,24952
222,150,28411,26966,27004,27942,17783
223,100,225528,193496,211995,222442,116638
224,100,160274,148216,149840,158288,93932
225,100,89237,83170,84628,88602,58189
226,141,378826,287705,301814,373679,216338
227,141,315493,191411,201210,310873,169602
228,141,151183,125868,128450,149136,79423
229,141,250443,169922,181161,241781,130967
230,141,161786,74612,80003,149339,67311
231,141,287801,223548,241504,284482,155732
232,141,316405,154042,172836,310007,177694
233,141,237471,186229,194968,232358,120919
234,141,284179,162480,169869,272290,129268
235,141,269337,172935,182201,265322,151012
236,141,211995,147136,156222,206904,85130
237,141,261670,156832,171562,250143,103130
238,141,217348,141019,152051,207571,92078
239,141,315695,197915,215242,303382,147878
240,141,426127,260882,279706,409619,173537
241,141,319498,237355,244502,313654,161698
242,141,273208,188587,199859,264525,123983
243,141,105677,75314,79044,104518,66861
244,141,386372,260854,279548,372954,169213
245,141,344053,234465,249896,333992,163961
246,141,107990,71330,77765,106792,67336
247,141,103097,55233,57599,101718,59876
248,141,82954,52498,56004,81854,51381
249,141,78382,44111,47979,76753,40958
250,141,62931,42028,44847,62180,31050
251,141,64815,49748,52134,64156,40628
252,141,71889,53684,55149,70951,44677
253,141,105420,53867,62192,101527,47546
254,141,207701,170272,178146,204915,109005
255,141,160476,95931,102840,154533,75669
256,141,422664,251232,270652,410586,194020
257,141,170474,91721,98202,157492,65352
258,141,240373,188704,198777,235299,121164
259,141,398990,287913,301215,383992,173090
260,141,111978,90900,103096,110477,65566
261,141,61241,47931,48996,60562,39661
262,141,111143,104806,104966,110175,72334
263,141,343294,254303,270653,337861,198370
264,141,90808,55112,58559,89510,55736
265,141,91919,83662,85585,91106,59596
266,141,372994,306030,321688,366510,195776
267,141,319321,212317,231225,311578,151262
268,141,320976,209437,224161,310040,145570
269,141,104477,57831,60865,103479,63107
270,141,182887,153225,157191,179996,92469
271,141,106247,90061,91860,104715,60548
272,141,242245,185794,192686,238624,139561
273,141,294256,209884,226129,286785,163324
274,141,330050,232677,250606,322308,144383
275,141,126127,108495,108151,124094,73167
276,141,119412,91187,92135,117798,71069
277,141,114087,95073,95922,112411,68608
278,141,72513,65387,66131,71653,46117
279,141,327756,236112,254307,320847,190282
280,141,444779,279732,299792,427639,179889
281,141,547446,359247,380453,526304,245539
282,141,358877,232107,246652,340846,154124
283,141,102972,74829,79032,101328,58342
284,141,124443,100061,99870,121084,60257
285,141,150347,103082,107303,144056,72603
286,141,130142,112983,115884,128658,77040
287,141,99324,90002,90246,98494,66821
288,141,116782,108052,108455,115665,77598
289,141,110002,88822,94403,108953,68017
290,141,112726,99521,100591,111336,67523
291,141,88986,73329,82500,88180,57155
292,141,116978,107431,108270,115584,72534
293,141,113607,98600,99335,111883,65967
294,141,90469,80977,82052,89609,59914
295,141,108164,90779,92351,106745,69617
296,141,95014,35995,40632,92718,56981
297,141,204019,125235,131125,199692,110807
298,141,304113,252962,260979,300198,174650
299,141,318724,270279,278868,314837,176492
300,141,340555,287056,297962,335660,188926
301,141,271510,211724,220327,264922,142682
302,141,253463,137770,147283,247740,136028
303,141,106318,96387,96915,105425,64325
304,100,129531,113716,116681,124539,65916
305,100,144137,128144,131337,139998,73473
306,100,107705,94623,97534,103743,53360
307,151,77088,50256,53796,74818,42049
308,151,78260,47304,51602,75500,42298
309,151,74774,49554,53908,72466,39388
310,151,59944,38372,42171,58264,32982
311,151,63003,43211,47749,61307,34153
312,151,79999,53642,58375,78006,43864
313,151,85635,57473,63026,83045,45742
314,151,85521,55864,60736,83123,46606
315,151,82286,52501,57033,79962,44804
316,151,75318,49243,52780,72923,40738
317,151,65354,43128,46648,63666,36203
318,151,71801,48492,52314,70006,40855
319,151,72285,47929,52213,70549,40667
320,151,57379,38764,42135,55633,32083
321,151,71260,47748,51273,69547,41108
322,151,72643,44177,50268,70653,39568
323,151,77080,47859,53023,74248,41304
324,151,74247,49535,55333,72478,39637
325,151,67377,43605,48734,65806,36236
326,151,73016,45407,50886,71112,40814
327,151,63556,41713,46071,62017,34498
328,151,80732,48936,55916,78587,44562
329,151,85878,51621,57700,83060,46359
330,151,76027,48186,53761,73962,42447
331,151,68944,44426,49916,66967,38095
332,151,76541,48507,54978,74251,42072
333,151,66997,43585,48067,64975,36599
334,151,73962,45612,50638,71750,39730
335,151,78139,49437,55030,76179,43074
336,151,68968,44754,48422,67036,37993
337,151,65815,41280,44847,64093,36287
338,151,77192,48130,53722,75127,42514
339,151,71001,42677,47405,69166,39946
340,151,67794,42744,47555,65905,37096
341,151,71848,46152,50520,69681,39301
342,100,330469,245437,255086,315342,133316
343,100,113405,92484,96025,109426,51220
344,100,162343,133205,139475,156132,71324
345,100,319642,253080,260234,312839,157244
346,100,191029,127558,139864,187903,108641
347,100,228808,169335,176819,223275,115945
348,100,173041,137664,142775,169898,85857
349,100,278692,206351,215155,269727,133435
350,100,216293,159715,168105,209227,108444
351,100,213192,146448,161150,208686,119838
352,100,210427,159562,168829,205525,117013
353,100,184549,115905,153878,181871,118670
354,100,197728,142073,148411,190450,93421
355,100,262670,146704,163689,242432,109971
356,100,162962,120531,126532,158669,83611
357,100,583627,408565,451167,576940,369446
358,100,250486,193297,201672,244878,123591
359,100,317506,251882,260274,309071,146946
360,100,246568,186244,194900,241176,122625
361,100,299286,226103,232372,295306,166170
362,100,341639,259243,268118,332541,165268
363,100,260048,191189,204528,255752,144742
364,100,174153,151471,154519,171864,100845
365,100,376253,346478,351649,374604,229104
366,100,737194,713117,717450,734793,460415
367,100,49692,38471,39952,48756,36164
368,100,126391,98200,103564,117967,55442
369,100,255404,221758,228993,251113,132326
370,100,183283,158333,164092,180580,94985
371,100,182123,158618,163681,179408,92866
372,151,65531,59548,58638,64766,46445
373,151,77360,64468,64608,76570,60560
374,151,82032,55905,61242,81001,60978
375,151,97864,79165,82581,95820,66265
376,151,64915,52714,52747,64037,46005
377,151,94843,80358,82232,93102,67110
378,151,77226,63885,65828,76079,54392
379,151,59187,51163,51772,58508,41333
380,151,66664,50896,51940,65510,42859
381,151,84826,73898,75589,83080,55931
382,151,13176,11887,11366,12944,8970
383,151,32427,29160,28302,32122,22610
384,151,69448,39103,41358,65621,33671
385,151,87056,47419,49026,84766,55605
386,151,117915,58601,64140,113276,69938
387,151,107715,68982,81090,106180,76975
388,151,84619,65097,70836,83859,62847
389,151,94513,64485,65438,91068,48482
390,151,129353,71029,74722,123919,75014
391,151,131458,117276,119375,129564,72122
392,151,33209,25131,30637,32944,17515
393,151,80263,70838,72924,79383,48921
394,151,28296,24617,25301,28108,18685
395,151,22858,15828,16509,19547,11191
396,151,21293,14456,15058,18294,10468
397,151,16902,11631,12002,14645,8372
398,151,17365,11215,11768,14465,8174
399,151,20835,14491,15027,18044,10309
400,151,17447,11997,12397,14909,8303
401,151,16442,10429,10955,13619,7601
402,150,44903,15849,20449,44230,28844
403,150,24369,18211,19377,23886,11620
404,150,46217,38915,39533,45874,26585
405,150,29590,25701,25957,29222,15792
406,150,27267,22490,23356,26879,14686
407,150,18522,15886,17279,18349,11383
408,150,37657,35212,35543,37362,22456
409,150,46361,37516,37927,46133,25772
410,151,60997,23182,27923,60029,43956
411,151,50191,11410,17831,49573,39248
412,151,42899,34042,39838,42502,34304
413,151,53523,46703,48945,52980,42340
414,151,49973,32849,40659,49418,37704
415,151,74433,72361,72422,74137,60257
416,151,80107,73274,73935,79412,57009
417,151,64086,61215,61363,63825,50320
418,151,66613,61827,63633,66313,49557
419,151,69973,53111,55928,67927,35115
420,151,76558,57281,60032,74150,38663
421,151,74250,54556,57290,71729,36438
422,151,74574,56376,59459,72551,38280
423,151,89023,62320,65600,85356,40772
424,151,75924,55461,58454,73546,36394
425,151,81461,58520,61238,78356,39249
426,151,60574,43497,45754,58314,29532
427,151,56529,52009,53397,55775,37752
428,151,81360,62069,64121,77216,42974
429,151,86396,67615,70300,83649,45968
430,151,79447,63000,65793,77259,42811
431,151,69178,67010,67446,68879,56069
432,151,54387,53840,53893,54200,46184
433,151,66607,65133,65360,66213,55347
434,151,68605,68165,68211,68403,58959
435,151,69649,67389,67864,69358,56451
436,151,24924,23893,23663,24702,18188
437,151,81043,71351,71420,75258,54590
438,151,69513,65785,66033,68991,55255
439,151,70587,65289,65494,70008,54872
440,151,27155,15999,15992,26207,12136
441,151,57333,55965,56079,56992,44671
442,151,43987,43010,43174,43829,37673
443,151,19756,18919,18890,19635,15399
444,151,62036,59812,60107,61673,49828
445,151,51432,18537,18597,22784,15580
446,151,66054,50413,50731,54452,42284
447,151,67175,64933,65419,66855,55323
448,151,39207,29122,29019,38251,22347
449,151,34817,29385,29416,34235,21928
450,151,31954,30456,30590,31707,25066
451,151,58258,57350,57457,58084,46846
452,151,92128,88032,88661,91059,73831
453,151,48516,46309,46711,47716,37253
454,151,108692,104200,105580,108338,90760
455,151,59037,52506,52911,56681,46762
456,151,66772,64272,64414,65726,50837
457,151,77952,75150,75859,77575,64359
458,151,95956,91754,93015,95628,79631
459,151,85563,83012,83506,85199,69955
460,151,153078,146786,148143,152452,126523
461,151,30941,27868,28154,29587,22562
462,151,61859,57752,57780,58630,47449
463,151,40596,39435,39554,40447,33036
464,151,75108,71602,70998,74756,59082
465,151,90094,86472,86570,89585,68939
466,151,60533,58580,58923,60309,49685
467,151,122315,117442,118622,121795,98556
468,151,16144,15663,15714,16059,13566
469,151,82383,31071,31254,33959,27407
470,151,108209,82743,82938,84912,66016
471,151,100981,21682,21771,85694,21785
472,151,108283,68204,69961,95907,77540
473,151,61971,59851,60015,61632,49009
474,151,111306,94841,97045,109100,85908
475,151,43151,41441,41600,42678,34240
476,151,96795,86059,86148,96358,76624
477,151,74715,46726,46992,53658,43303
478,151,67365,64924,65372,66917,54692
479,151,44619,43290,43402,44343,35091
480,151,66726,63479,63885,66392,54571
481,151,119979,115158,114789,119290,92841
482,151,95675,80555,81096,94511,67494
483,151,117989,112905,114055,117550,96279
484,151,131212,126662,127469,130816,107555
485,151,84433,80100,80633,83834,68295
486,151,94498,88745,89302,92016,73479
487,90,16696,10146,14987,16601,7111
488,90,16888,14035,14754,16761,8563
489,90,14713,13421,13879,14520,6914
490,90,15371,14090,14542,15313,6911
491,90,15968,13809,14331,15886,7935
492,90,14516,13173,13676,14391,6835
493,90,12640,10650,11060,12165,5444
494,90,15306,14630,14686,15148,10479
495,90,17596,14471,15409,17375,8028
496,90,24662,19039,21476,24430,11722
497,90,30541,21888,25154,30290,15886
498,90,41362,20085,25568,39145,21140
499,90,22814,14449,15206,21637,9635
500,90,39376,23115,28300,36829,16828
501,90,27730,15712,16766,24669,12594
502,90,25212,21161,22482,24821,11626
503,90,14534,11520,12464,14376,8592
504,90,14419,10030,12637,14344,7751
505,90,16438,11205,11934,15987,8593
506,90,19436,13971,14667,18254,10010
507,90,14067,11939,12883,13902,5850
508,90,14049,10580,11128,13239,5887
509,90,12758,11250,11937,12682,5470
510,90,15628,12220,12872,15383,8234
511,90,15902,10817,11764,15685,9664
512,90,13799,12367,13006,13504,6556
513,90,15326,11638,12287,15150,7930
514,90,13935,12214,13039,13718,5757
515,100,211779,140841,145157,209686,100896
516,100,182055,123744,125888,180952,89064
517,100,191275,126752,135045,188112,86645
518,100,181482,153664,156700,180630,91092
519,100,83027,64975,65348,82613,43993
520,100,72819,58895,60967,71227,39967
521,100,100961,77005,79669,99044,55777
522,100,257310,155824,172993,254391,113217
523,100,211995,145030,153575,210172,93766
524,100,193990,151502,156952,192787,95803
525,100,122109,97254,99159,121424,59201
526,100,169701,128424,132045,167305,83468
527,100,202619,155368,155519,201272,99096
528,100,211790,147831,157674,209444,95305
529,100,183064,142451,138295,182322,99252
530,100,216389,166348,177141,215557,112061
531,100,219038,162650,178409,218033,112269
532,100,211003,142834,151252,209193,99954
533,100,164557,124911,133109,163078,77282
534,100,213954,166993,174334,213081,112441
535,100,184958,138997,147080,183697,87904
536,100,195458,152237,157835,194238,92279
537,100,193158,155615,163558,189954,92186
538,100,188058,150530,158371,184458,87651
539,100,187189,130177,138424,183749,99548
540,100,186715,123255,131022,184535,103425
541,100,226405,169258,182362,221043,100148
542,100,193410,150871,158132,188418,93046
543,100,181906,144021,152780,178307,87860
544,100,189292,155025,161184,188094,90513
545,100,210518,153865,159319,208689,97044
546,100,215442,148511,156608,214022,104023
547,100,162151,115950,123577,159685,80903
548,100,190938,160780,163803,189737,96775
549,100,233085,179315,187096,231862,114187
550,100,192028,157053,163937,191011,98191
551,100,208210,155611,158137,206200,92700
552,100,206052,168986,174223,205505,109086
553,100,175003,148899,151273,173991,94077
554,100,192093,133834,142397,191392,108168
555,100,196334,158365,165912,195506,96042
556,100,189657,137135,145144,188522,94150
557,100,218282,151613,162234,217378,112997
558,100,239419,176768,186568,238282,129666
559,100,180016,129454,138448,178750,89611
560,100,223039,163669,168978,221852,110501
561,100,200008,138426,147117,197888,88773
562,100,152195,124966,125337,151722,89716
563,100,221239,146137,162525,219165,97905
564,100,190293,150514,157925,189313,97388
565,100,94780,72818,72276,94310,51215
566,100,226609,188803,191050,225872,135300
567,100,191545,145143,151342,189252,89996
568,100,195403,146692,152125,193516,94096
569,100,127879,84002,89463,125293,48069
570,100,222894,186355,187451,220314,115335
571,100,196403,147103,149338,194982,94280
572,100,185808,124987,146110,185260,100229
573,100,235704,181592,186838,233685,113267
574,100,192096,130487,133051,191194,100280
575,100,233060,171846,179951,231074,112589
576,100,197023,152523,155898,195791,99226
577,100,204231,160543,163467,203500,106280
578,100,223273,183078,186720,221917,111231
579,100,45514,42836,43541,45126,27708
580,100,48077,46755,46829,47909,34627
581,100,49031,47462,47485,48904,32024
582,100,111704,104731,106348,110747,70763
583,100,124835,122230,122475,124464,89548
584,100,42448,35733,35312,42044,28584
585,100,54196,48599,48798,53924,37747
586,100,26069,25068,25132,25890,18061
587,100,22259,20346,20432,22114,15969
588,100,23248,19826,20037,23023,16659
589,100,28534,26171,26679,28231,18977
590,100,23354,21496,21775,23081,15837
591,100,19999,18372,18862,19823,13159
592,100,36410,35109,35290,36089,25680
593,100,64290,62045,62224,63915,42894
594,100,24609,24290,24329,24546,17025
595,100,22642,21107,21409,22362,16475
596,100,52667,48587,49449,52166,33069
597,100,19633,17726,17994,19451,14004
598,100,67021,63146,64215,66473,44129
599,100,98726,87204,88836,96630,52948
600,100,59181,52101,52832,58067,28906
601,100,87382,75604,76481,85744,41371
602,150,53185,50578,51229,53076,39652
603,150,54225,28829,29606,53686,30375
604,150,28086,26650,26939,27937,16126
605,150,25362,18670,19821,24307,10968
606,150,30661,28080,28360,30199,17823
607,150,69997,54068,58339,69322,47454
608,150,45823,35837,38787,45478,30590
609,150,61320,55609,57276,61097,42563
610,150,92581,72116,75221,91893,64047
611,150,67311,48474,50051,66707,40521
612,150,80648,71860,73173,80113,54952
613,150,76724,63182,65938,76219,53794
614,151,13099,12809,12948,13043,9542
615,151,56111,51535,53475,55856,38005
616,151,86860,82059,82703,86551,64016
617,151,82235,78580,78922,81927,53843
618,151,83925,78636,79798,83530,59337
619,151,99586,91072,94876,99150,68637
620,151,95879,90063,91569,95510,65976
621,151,63856,60326,60800,63589,44297
622,151,77763,73135,74849,77503,52608
623,151,78181,74409,75002,77851,53723
624,151,65206,61644,62617,65003,51499
625,151,83146,79229,79966,82844,59181
626,151,78028,73466,74228,77568,54595
627,151,101387,93944,95998,100891,70845
628,151,101680,94500,95287,101293,75461
629,151,91366,86346,87221,90918,62817
630,100,136803,115504,116455,135441,91891
631,100,89078,48021,49327,87238,61391
632,100,154156,97873,98736,152572,108147
633,100,115953,63540,65907,114747,82038
634,100,141688,129812,130002,139163,98625
635,100,143402,119743,120345,141597,104668
636,100,137898,43643,44847,129272,60149
637,151,138312,99997,106550,136183,68418
638,151,151536,113594,122383,149723,82861
639,151,207314,145951,156484,203413,102679
640,151,171868,121187,129295,167540,79319
641,151,19246,12706,13933,16858,8550
642,151,15213,12750,13297,14252,9368
643,151,16235,12713,13757,15326,10321
644,151,17607,13453,14417,16246,10074
645,151,23216,14194,15849,19699,9922
646,151,38676,25039,28107,34223,17307
647,151,17259,11930,13311,15578,9251
648,151,17411,12162,13254,15800,9544
649,151,30409,21163,23365,28187,17099
650,151,19093,14509,15441,17985,11359
651,151,29680,18687,20021,26038,14054
652,100,184548,142411,146220,182692,89195
653,100,186613,147739,151825,184377,82923
654,100,161755,131453,135651,160433,86732
655,100,192794,144309,149560,188704,83015
656,100,166733,131574,137069,159914,66218
657,100,177661,141693,147726,170249,71386
658,100,196874,162057,167957,189951,80983
659,100,586580,500198,513238,571510,301199
660,100,177609,162998,166731,175116,103518
661,100,229913,205630,212622,225350,125063
662,100,92560,78681,81122,90976,48348
663,100,106926,91547,93398,105735,78743
664,100,35414,32276,32379,34348,24214
665,100,115713,97261,98511,114712,68069
666,100,134310,103674,106879,132057,70962
667,100,172303,153204,155537,170113,90997
668,100,306116,265015,277395,304321,167515
669,100,115843,91874,94691,114785,60583
670,100,135953,111227,114944,134314,72679
671,100,210868,154757,162620,207683,95691
672,100,256454,203916,210713,250036,109040
673,100,178063,138997,143033,171800,66170
674,100,216392,177607,182554,207791,76942
675,100,144620,113262,116732,139557,56793
676,100,212943,151557,160919,203576,81853
677,100,165328,132012,138082,159755,68286
678,100,173154,142650,147566,165869,62924
679,100,243179,192044,195561,237853,110202
680,100,146809,98527,102486,141481,53994
681,100,161820,113129,117231,155924,58935
682,100,198116,155531,158534,193621,88180
683,100,187488,149562,152077,183767,86449
684,100,141212,85464,94901,132422,60771
685,100,213287,128787,141266,202333,90453
686,100,151728,117864,120606,148011,68208
687,100,159523,125467,127820,155986,71932
688,100,224859,150094,155875,212862,82572
689,100,184320,123393,127682,173769,67662
690,100,187770,153059,156367,183300,87603
691,100,422076,349710,354250,416612,205649
692,100,122464,86008,90519,118788,51388
693,100,211887,170878,174918,206582,96509
694,100,137411,91094,94823,132053,49234
695,100,180001,117031,123052,170858,57906
696,100,250259,215017,219313,237317,112127
697,100,162201,104687,109952,153553,52740
698,100,211738,171678,174301,208284,99670
699,100,152656,113047,118389,149925,66142
700,100,176415,132587,136711,172329,89312
701,100,167232,120370,125585,162512,64589
702,151,122842,100806,102750,121650,89224
703,151,102431,86209,87555,101475,74234
704,151,49580,42467,43288,49246,37515
705,151,58082,49304,51161,57585,44177
706,151,110506,88902,93882,109789,81988
707,151,117090,88097,93514,115938,89941
708,151,101388,75896,80347,100439,78116
709,151,119772,97392,101705,118801,87447
710,151,105644,86927,90093,104915,79111
711,151,123277,101363,105221,122260,90014
712,151,91567,75505,78788,90869,67312
713,100,422076,349710,354250,418160,205649
714,100,300342,255475,261000,294529,132284
715,100,262982,224858,229569,257560,113895
716,151,26089,21371,21840,25013,17829
717,151,19043,17318,17597,18497,13608
718,151,17379,15947,16104,16679,12497
719,151,20465,16414,17032,19194,13118
720,151,14923,13383,13665,14324,10551
721,151,24694,21696,21995,23441,15628
722,151,20593,18120,18576,19526,12655
723,151,19537,17827,17941,18785,12847
724,151,36000,30999,34933,35525,28310
725,151,28015,24426,27001,27697,22569
726,151,24108,23452,23505,23731,19875
727,151,30529,25497,29393,30094,24585
728,151,28764,25161,27292,28179,21539
729,151,21510,19462,20807,21081,17102
730,151,25080,22023,23932,24667,19161
731,151,21638,19674,20076,20437,15896
732,151,30233,28150,28821,29680,23825
733,151,26140,24520,24905,25655,20067
734,151,25373,24012,24297,24942,20659
735,151,34590,32417,32553,33718,24413
736,151,30693,27202,27690,29551,13898
737,151,25764,22145,22638,24768,11752
738,151,32863,29465,30118,31959,19388
739,151,23533,19248,22612,23035,17678
740,151,27607,26248,26258,26798,21409
741,151,17101,12639,14081,14437,10764
742,151,27254,24583,25783,26779,21012
743,151,15967,13684,13979,14198,11463
744,151,25164,23737,23777,24495,19539
745,151,23815,22565,22758,23449,19683
746,151,19575,15537,16182,16603,12601
747,151,30715,27865,28695,29336,22704
748,151,24544,23773,23935,24196,20422
749,151,20664,20083,20209,20400,17078
750,151,17060,14037,14397,15164,11655
751,151,24828,22997,23794,24150,19686
752,151,29582,24959,28000,29020,22806
753,151,31929,26813,30156,31130,24306
754,151,27451,25163,26067,26907,20688
755,151,22066,18589,21130,21437,15826
756,151,22385,19881,20913,21699,15981
757,151,19566,16625,18618,19162,14682
758,151,15645,15381,15401,15464,12791
759,151,25593,25015,25052,25180,20895
760,151,25398,24763,24803,24914,20936
761,151,12787,12365,12495,12622,10673
762,151,19063,17857,17998,18628,14001
763,151,39770,36856,37549,38636,30478
764,151,22542,21094,21161,21851,16546
765,151,20180,19626,19676,19843,16071
766,151,15458,14246,14580,14947,11542
767,151,24274,23042,23123,23854,19424
768,151,28510,23853,24355,27905,22087
769,151,23233,19405,19688,21691,15747
770,151,28082,26058,26272,27624,21206
771,151,24733,13058,17885,23559,17633
772,151,23090,21119,21842,22613,17084
773,151,15454,14616,14624,15223,11911
774,151,24595,23488,23653,24293,19971
775,151,24366,23039,23325,23882,19116
776,151,26362,24466,24904,25853,19905
777,151,15132,13369,13374,13831,10875
778,151,24621,23018,23291,24142,17920
779,151,16197,15190,15810,15983,13402
780,151,27690,24840,26383,27219,21129
781,151,23902,20755,22851,23462,18471
782,151,21454,18389,20504,20941,16823
783,151,25538,22105,24189,24913,19157
784,151,28803,25384,26879,28213,21251
785,151,23384,19528,22150,22861,17729
786,151,24759,21839,23664,24372,19235
787,151,26576,22546,25475,26178,20709
788,151,26803,24765,25339,26344,21808
789,151,25564,23260,24064,24794,19642
790,151,23982,22840,22833,23416,19418
791,151,25834,25040,25111,25358,20466
792,151,27879,26817,26889,27319,21839
793,151,22652,21372,21448,22084,15750
794,151,17611,15357,16608,17026,13349
795,151,21763,19836,20363,21384,16969
796,151,25864,24385,24623,25436,20738
797,151,24738,22692,23859,24290,19107
798,151,20967,19529,20222,20604,16157
799,151,28306,25865,25829,26538,20016
800,100,157585,117751,121159,154921,62520
801,100,262206,192938,199742,257679,96523
802,100,211050,157002,161445,207762,83765
803,100,249396,184840,191536,245034,109483
804,100,351410,273488,282437,346893,169576
805,100,152136,106266,111640,148811,49425
806,100,197179,136126,143283,192556,67091
807,100,243611,167333,176413,237185,77214
808,100,244696,168196,175048,236420,72265
809,100,289404,213881,220323,284415,109485
810,100,324978,222418,234281,316567,98634
811,100,296203,214056,221042,290516,106840
812,100,324554,242127,249061,319396,124652
813,100,127518,95606,97348,126151,58993
814,100,248652,186296,191951,244141,93847
815,100,225957,151912,159548,219423,64193
816,100,261825,194256,203168,255718,108315
817,100,254892,196176,203892,249540,108081
818,100,220263,165409,172923,215150,91027
819,100,309883,230508,240974,302342,127120
820,100,324452,242899,253740,317249,133967
821,100,240596,180417,187899,235311,101334
822,100,277075,206405,215291,270920,115319
823,100,258132,215953,222317,254459,122238
824,100,229859,189734,195040,227108,113533
825,100,241190,198281,202774,237890,117857
826,100,248065,205628,211728,244270,115689
827,100,295848,241400,248682,290748,132591
828,100,274283,224774,232668,270006,124040
829,100,256261,197199,201315,245511,95338
830,100,244145,186018,190500,232608,83833
831,100,253900,228119,230826,251278,142779
832,150,445102,400541,407216,443002,309915
833,150,71393,65547,66118,71147,50920
834,150,29143,26911,27131,29021,20772
835,150,36495,32714,33371,36368,23259
836,150,115858,102252,105772,115327,72841
837,150,38515,35962,36209,38403,30319
838,150,37814,33919,34368,37591,27396
839,150,76535,69352,70515,76213,53555
840,150,26809,24173,24741,26725,17302
841,150,96664,80492,82178,96264,69841
842,150,105737,93008,94759,105394,69575
843,150,58061,53371,54281,57867,42007
844,150,747257,709386,713535,744797,555429
845,100,202302,191606,193532,201763,135328
846,100,320855,303483,306938,320105,215725
847,100,421763,396781,401764,420428,284595
848,100,436033,397069,399347,434380,286789
849,100,129201,108316,112297,128467,82284
850,100,270428,256806,257732,269779,179600
851,100,220572,183258,189833,219599,143221
852,100,247739,234214,236393,247088,163395
853,100,432113,405232,411847,430855,285862
854,100,246773,233927,236432,246180,164548
855,100,350820,330690,333444,349728,235181
856,100,319035,297180,297378,317969,214154
857,100,274252,253850,255053,273394,174415
858,100,297257,281037,283570,296652,197528
859,145,66785,57420,58701,66286,40635
860,145,149238,129859,135055,148810,103304
861,145,243064,211995,215240,242006,159074
862,145,109904,84760,88122,107996,62639
863,145,58098,51045,52935,57807,38883
864,145,39231,34808,35172,39148,24385
865,145,57068,51895,53702,56871,37563
866,145,50138,41547,42088,49850,29296
867,145,50763,44018,45685,50399,29662
868,145,819180,657762,672649,814606,539745
869,145,110217,66723,70567,108675,68946
870,145,99508,82235,85551,98923,63924
871,145,497434,439109,473374,496134,363463
872,100,699690,633858,635995,696427,433043
873,100,493029,452178,455534,489994,294629
874,100,389760,346301,355585,387177,221131
875,100,509290,469306,473425,507205,309447
876,100,408313,349340,361796,405469,239128
877,100,408511,380564,382632,406937,248020
878,100,358668,316245,321683,356267,208879
879,100,397070,372666,374726,395632,238217
880,100,452244,401192,403975,448580,259551
881,100,559857,509109,513062,556742,365207
882,100,440951,391304,397958,438547,262541
883,100,579449,467658,523188,575972,332132
884,150,36115,17655,18647,35941,21353
885,150,29230,23974,24679,29070,19047
886,150,42336,27628,29108,41772,25342
887,150,30772,25235,25788,30593,20328
888,150,33191,21466,21597,33118,23738
889,150,27999,19392,19232,27936,19244
890,150,33307,21371,22552,33146,21708
891,150,35732,20937,21742,34493,23567
892,150,94675,70398,76209,94017,59526
893,150,138523,96475,107508,137403,84248
894,150,14629,11565,12882,14563,9577
895,150,26890,20899,22083,26756,18440
896,131,293489,229278,242036,288962,153107
897,131,187306,147807,154244,184596,95716
898,131,260161,206696,216312,256676,137047
899,100,186916,166135,166912,185083,100995
900,100,126681,98675,101565,125407,64828
901,100,180382,170229,171251,178679,94332
902,100,195455,186074,186841,194534,104345
903,100,238010,221118,222874,236287,124219
904,100,179827,169024,170295,178488,92980
905,100,133604,122722,124046,132384,67554
906,100,157853,148063,149060,157113,84266
907,100,32561,29666,29735,32143,18257
908,100,124948,95121,95046,123631,68078
909,100,95776,87611,87960,95842,53438
910,100,191811,173759,175955,189564,97219
911,100,68357,65961,66080,67799,39706
912,100,26631,24210,24263,26856,14818
913,100,104226,89799,90192,102734,53082
914,100,103058,84190,84176,101556,52057
915,100,55044,48450,48728,54335,25893
916,100,85982,49889,50942,85001,31461
917,100,101875,46288,47400,100402,37389
918,100,132854,100746,99863,131392,64198
919,100,48956,36436,36172,48513,23443
920,100,101767,73175,69435,100894,46132
921,100,91095,66517,65965,90387,44342
922,100,76413,54085,52330,75476,34569
923,100,117404,89073,81268,116251,51736
924,100,51458,46231,46439,51050,27775
925,100,38826,36023,35404,38475,20995
926,100,100898,92006,92383,100361,53307
927,100,25850,24518,24700,25604,14040
928,100,77292,71520,71680,76769,41167
929,100,35018,33637,33587,34638,20952
930,100,26917,26275,26195,26838,17240
931,100,120511,81880,76944,119329,50305
932,100,116724,83133,75797,115699,51024
933,100,102265,73470,67749,101647,45423
934,100,37355,35550,35584,37122,22317
935,100,179137,130238,124672,177882,82614
936,100,185577,138889,143314,183803,92924
937,100,57319,50219,50757,57124,31435
938,100,78346,62801,65156,77306,39521
939,100,47120,44734,44871,46833,28119
940,100,77250,57273,44225,76629,26811
941,100,90888,66543,57377,90176,36596
942,100,181519,147038,118753,180212,70552
943,100,156538,123899,100734,155591,63151
944,100,117098,86129,78149,116340,51327
945,100,58005,50660,30760,57636,17754
946,100,63309,48553,45086,62812,28520
947,100,64863,49600,47855,64602,31793
948,100,76187,58079,56976,75293,37939
949,100,12973,10823,10778,12737,6991
950,100,32356,24096,23550,31974,16205
951,100,23023,22178,22310,23062,12678
952,100,44531,41330,40438,44319,24251
953,100,134563,129618,130886,133699,77075
954,100,184445,177334,178564,183645,104883
955,100,115986,111742,112675,115700,66369
956,100,55590,54227,54359,55447,33892
957,100,19113,18479,18554,18929,11285
958,100,161057,139128,139136,158235,80027
959,100,74990,65155,66005,74158,38928
960,100,40354,36517,36778,39998,21718
961,100,22580,21288,21448,22396,12848
962,100,20898,18830,18970,20827,11538
963,151,18787,15277,15501,17137,12643
964,151,23541,19309,19781,21203,15390
965,151,12085,10437,10518,11112,8219
966,151,19845,17401,17528,18456,13423
967,151,21004,17277,17557,18829,13331
968,151,16619,13572,13714,14845,10358
969,151,16845,14113,14221,15210,10579
970,90,35150,24450,24486,34931,17238
971,90,52580,32062,37101,51797,31536
972,90,118074,106393,106952,115137,71893
973,90,27604,21859,22145,26076,16426
974,90,36729,34112,34508,36421,22666
975,90,26130,19410,19589,24382,15491
976,90,34735,30273,32636,34411,22031
977,90,36171,27167,27195,35756,19955
978,90,24799,13436,13743,24711,18134
979,90,24457,11446,11451,22231,8634
980,90,15944,15722,15734,15878,12721
981,90,26645,23884,23906,24966,19646
982,90,47440,39895,46193,47176,38031
983,90,28981,24412,28319,28784,23509
984,90,26372,21863,25408,25926,20822
985,90,49861,44223,45051,48762,28363
986,90,39325,26867,29138,38435,22266
987,90,33153,22816,24439,32315,16826
988,90,42556,31272,31847,41750,23351
989,90,97819,79156,81619,95033,47487
990,90,209808,180789,185391,206816,99530
991,90,136040,102402,106740,129144,61960
992,90,59223,19597,19978,57132,14264
993,90,77709,18346,23823,73253,14557
994,90,86814,37708,42694,82963,27913
995,90,78375,38995,40426,76747,25097
996,90,52566,42593,43823,51627,31013
997,90,59148,44915,49460,58160,34066
998,90,19388,12899,13277,19082,9681
999,90,61412,21679,26365,60428,16956
1000,90,54275,16232,23064,51306,11711
1001,90,158421,116308,117535,154106,77829
1002,90,308124,250278,256244,305292,151819
1003,90,122762,106183,108073,119638,75468
1004,90,78245,47179,49718,74145,33348
1005,90,90986,79890,80481,87873,53600
1006,90,171678,139695,143909,166309,98942
1007,90,116941,90114,91901,110413,64211
1008,90,151177,93872,97248,139301,56138
1009,90,175103,131584,134733,155137,97718
1010,90,161954,104305,109200,155002,73495
1011,90,100745,59892,62122,97713,43926
1012,90,278201,125331,147015,274049,72613
1013,90,127979,82285,84427,124524,59527
1014,90,315032,161207,188900,308686,88847
1015,90,247334,198493,203976,237124,122091
1016,90,363978,155137,222441,356449,73513
1017,90,224039,189558,192637,217448,131792
1018,90,287959,223462,235048,281837,153413
1019,90,105680,66596,69811,103862,49220
1020,90,330030,201997,216768,325444,95226
1021,90,161481,131359,136590,156591,98521
1022,90,294001,190831,197428,289440,51267
1023,90,167526,129319,132845,163863,98571
1024,90,198158,94910,99998,192137,55522
1025,90,356743,19469,20496,337803,15094
1026,90,497732,241146,250299,477910,159363
1027,90,298010,168252,172427,287464,116555
1028,90,298752,154299,160058,279182,100927
1029,90,109003,33775,34135,103043,24145
1030,90,242220,165347,170726,233099,90847
1031,90,162363,106385,108270,155857,63122
1032,90,223770,132809,141743,213969,74229
1033,90,59782,43443,43745,57806,29799
1034,90,103601,86098,86496,99244,58875
1035,90,113340,91677,92854,110860,62195
1036,90,259300,189737,192266,244390,105950
1037,90,187892,163931,165908,183547,118464
1038,90,288749,204205,208582,282077,116903
1039,90,81701,21964,22328,76401,14490
1040,90,73707,37074,38025,70411,26698
1041,90,203719,122771,125351,194333,77957
1042,90,155822,52144,52731,146563,35522
1043,90,184723,112378,114214,178112,68660
1044,90,83749,59606,62164,80451,40341
1045,90,107196,87317,93134,105146,59945
1046,90,77245,58597,59895,76156,40241
1047,90,122640,52241,54234,121577,28264
1048,90,475769,451068,455573,472414,342557
1049,90,83979,72725,73550,82927,56417
1050,90,32890,16061,16239,31102,12389
1051,90,36989,17298,18241,35501,13674
1052,90,203628,113677,114385,201058,74630
1053,90,286612,173475,174943,284706,110857
1054,90,138489,42717,46459,136774,31489
1055,90,99996,63137,65904,96319,37573
1056,90,135144,97912,101161,131429,60089
1057,90,116826,92101,96018,114520,53128
1058,90,67047,23772,24643,64683,14147
1059,90,43460,11350,11543,41041,7650
1060,90,79455,43303,44446,78755,32733
1061,90,54791,38421,40371,52263,27097
1062,90,151239,125886,133150,148111,82027
1063,90,157540,129188,133870,155774,91692
1064,90,94518,52497,54774,91048,34894
1065,90,61060,18516,21464,57528,11444
1066,90,61235,11716,13324,56058,7089
1067,90,49375,28838,29267,48355,16198
1068,90,131126,84025,85366,124403,49838
1069,90,27638,20764,20924,27040,15090
1070,90,123514,79908,81007,121453,30324
1071,90,174539,142023,143824,172338,22864
1072,90,138033,92483,95919,134205,42267
1073,90,105962,76454,80143,97402,44718
1074,90,175671,91562,96974,154726,74364
1075,90,204196,127957,134793,199732,105839
1076,90,176006,96866,103151,165558,92799
1077,90,97462,42898,46519,87284,43471
1078,90,29194,21317,22323,28618,17181
1079,90,26866,18781,19422,26320,15977
1080,90,49256,31126,32389,47940,26979
1081,90,153143,79088,84167,143187,72925
1082,90,147582,45638,54058,135114,61592
1083,101,145640,116558,118714,143242,63444
1084,101,169078,150316,152099,165924,78623
1085,101,203711,143069,146861,190392,78919
1086,100,84009,67269,70309,83000,53835
1087,100,48935,36654,37500,48296,32196
1088,100,73864,58067,60577,72972,49582
1089,100,73111,56502,61680,71614,41288
1090,100,50989,43777,44640,48747,27541
1091,100,91783,73622,75709,89639,49252
1092,100,93288,77822,80084,90839,50999
1093,100,99045,79430,83903,96379,58870
1094,100,46089,36522,38657,45576,28866
1095,100,75329,59560,62758,73307,44377
1096,100,92678,66715,69603,88787,48708
1097,100,94640,72734,75022,89858,48276
1098,100,62854,57416,59226,62495,30713
1099,100,64996,59637,61447,64635,31446
1100,100,93183,78933,83532,91732,48864
1101,100,92020,72844,79780,90394,50275
1102,100,79090,68836,71749,76537,48832
1103,100,72771,63759,66290,70563,44999
1104,100,75207,66793,68939,73161,46774
1105,100,63550,55825,57771,61649,39354
1106,100,88728,52192,59209,87509,51321
1107,100,81884,44783,73270,80861,50015
1108,100,61469,35082,54850,60622,37441
1109,100,83877,51455,54317,77827,32031
1110,100,86584,51693,55467,80424,30674
1111,100,88563,53936,57742,82957,33534
1112,100,74201,63754,65451,72848,47844
1113,100,93055,55056,60835,90638,51754
1114,100,70472,63072,64361,69552,48463
1115,100,99456,40097,46509,97169,55671
1116,100,75781,65515,66812,74789,50138
1117,100,105546,61924,68235,103117,58275
1118,100,175659,134787,139303,167308,75925
1119,100,91272,76031,77350,90568,44767
1120,100,159513,130670,134842,158079,79945
1121,100,158668,136214,138535,157645,79901
1122,100,147642,124317,127265,146509,74031
1123,100,165013,143743,145871,163391,86589
1124,100,215690,188614,190235,214467,113032
1125,100,161540,133834,137584,159835,75069
1126,100,75543,68885,69713,74989,50807
1127,100,85666,64324,67407,83937,49576
1128,100,84411,72372,74206,83667,57196
1129,100,101221,45416,57150,100103,56909
1130,100,90564,42146,52804,89526,50060
1131,100,93794,40471,52075,92975,51866
1132,100,89638,39338,50861,88860,48961
1133,100,99272,44584,55940,98499,54223
1134,100,86398,37058,46462,85635,48636
1135,100,99788,43824,55428,98876,53675
1136,100,97875,42820,52519,96936,51380
1137,100,98077,43730,55567,97273,53002
1138,100,56548,25852,31644,55908,29855
1139,100,84149,39591,47160,83301,43545
1140,100,72847,33554,40787,72292,39186
1141,100,113226,58723,65636,111140,55269
1142,100,99962,55542,61822,98425,51635
1143,100,105907,70796,74944,103847,51761
1144,100,98084,43901,55679,97244,52956
1145,100,96994,43978,54713,96232,53459
1146,100,92394,41298,51614,91600,49870
1147,100,90607,41651,51580,89763,48822
1148,100,112267,48581,60645,111133,59473
1149,100,83607,77766,79145,83018,62313
1150,100,95995,81995,84573,94888,63227
1151,100,23618,21219,21772,23464,17129
1152,100,87015,73715,73958,86424,60882
1153,100,110548,77122,82019,108266,61398
1154,100,96814,89164,89993,95879,69494
1155,100,89766,50165,57597,88887,52348
1156,100,96091,86886,88179,95219,67628
1157,100,66714,56435,58323,65878,44596
1158,100,92858,51023,61041,91994,51819
1159,100,76566,66229,67445,75883,53394
1160,100,58024,26615,31274,57449,30746
1161,100,113229,52835,61494,111775,56848
1162,100,84883,63698,66217,83363,58289
1163,100,39928,32887,33733,39336,29966
1164,100,100208,86570,87159,97505,66737
1165,100,53560,43319,45871,52388,40748
1166,100,88587,64675,65634,85912,60137
1167,100,53821,45903,46387,52969,33983
1168,100,49821,43476,43527,48973,37489
1169,100,91759,67328,69036,89795,64339
1170,100,79906,65414,68994,77876,51850
1171,100,91321,78056,81023,88915,58880
1172,100,88377,71868,74480,85293,60269
1173,100,79299,72498,73349,77587,52904
1174,100,87939,75977,77385,85695,57041
1175,100,95602,68323,72225,93719,60752
1176,100,78263,62674,65284,75612,44451
1177,100,79170,60620,64256,76826,50935
1178,100,91743,79125,81722,88988,52365
1179,100,82624,68413,69650,79244,48873
1180,100,101292,96138,96258,100828,74130
1181,100,87010,81963,82175,86680,60582
1182,100,93009,86903,88748,92660,65025
1183,100,25954,12055,12298,23828,9661
1184,100,91375,72421,72584,88255,54088
1185,100,94101,90830,90568,93971,69892
1186,100,75312,73724,73955,75155,59998
1187,100,122720,116555,118181,122521,89295
1188,100,114245,109112,109288,114050,94447
1189,100,144984,132034,132827,144776,98583
1190,100,132316,118722,119568,131447,87743
1191,100,129462,120857,121141,129294,94751
1192,100,106936,100318,100649,106788,74065
1193,100,149378,104629,109969,147084,64643
1194,100,117969,82816,86816,115832,52125
1195,100,142782,104785,109108,141141,61205
1196,100,162120,117916,122757,159631,67663
1197,100,139601,101727,106020,137965,60603
1198,100,156422,114698,119312,154469,66614
1199,100,141844,102943,107458,139768,60507
1200,100,127016,92788,97022,125317,53193
1201,100,146501,108693,112530,144549,65356
1202,100,137861,103376,107190,135686,59828
1203,100,123993,94207,97560,122749,54995
1204,100,142245,101984,107667,140385,62327
1205,100,56920,38936,40497,55958,24136
1206,100,167461,126033,131071,165328,73681
1207,100,117090,85962,89567,115563,50050
1208,100,157433,113144,117976,155423,70226
1209,100,121117,87052,91041,119401,50984
1210,100,141261,99949,103921,139160,57554
1211,100,127850,94941,98727,126396,55642
1212,100,159178,116401,120778,157051,67446
1213,100,146175,108367,112966,144309,63056
1214,100,138926,102593,106837,137233,60054
1215,100,137074,99258,103320,135105,58894
1216,100,85464,39057,40510,81828,23212
1217,100,143680,109042,113323,141955,60277
1218,100,83192,64042,66502,82247,38068
1219,100,69996,51526,53497,68928,31580
1220,100,98252,73410,76302,97052,43850
1221,100,71228,49196,51197,70041,30859
1222,100,66549,36187,37690,64082,21419
1223,100,90452,65358,68294,89261,39443
1224,100,144717,107945,112025,142808,59535
1225,100,133025,97921,101836,131251,55010
1226,100,161517,117888,122578,158502,67528
1227,100,144806,109112,113501,142906,59087
1228,100,131514,100718,104642,129802,54976
1229,100,134439,97562,101329,132427,53486
1230,100,123715,92658,96497,122195,51053
1231,100,99889,74967,77988,98592,41965
1232,100,134509,101656,105596,132800,56426
1233,100,148583,108260,112300,146436,60691
1234,100,190107,145444,150654,187628,79984
1235,100,175930,135462,140302,173987,71379
1236,100,53482,43587,44812,52937,23390
1237,100,117596,95077,97618,116273,50552
1238,100,27453,23655,23889,27166,17700
1239,100,82648,71527,71961,81769,53180
1240,100,71527,61294,61708,70796,45383
1241,100,71334,60228,60857,70536,44989
1242,100,84318,72689,73897,82873,51524
1243,100,138454,114205,115290,135305,84664
1244,100,93892,69435,70314,87912,51608
1245,100,96227,78124,79105,94491,58079
1246,100,99697,83474,84362,98412,62448
1247,100,86639,72740,73480,85066,54043
1248,100,161255,113887,119294,157934,67839
1249,100,109330,78039,81688,107603,47601
1250,100,130036,95028,99234,128045,55567
1251,100,103216,67580,70197,100708,39406
1252,100,104285,72781,76446,101771,45377
1253,100,123786,90760,94717,122058,53781
1254,100,142484,102606,107357,140397,61198
1255,100,138089,99697,104215,136238,60391
1256,100,176599,127029,132955,173999,74454
1257,100,107888,76554,79900,106559,48427
1258,100,118544,85549,89420,117096,51887
1259,100,108430,80424,83724,106365,45315
1260,100,120200,88817,92712,118619,52866
1261,100,147984,109157,113612,145952,64142
1262,100,109576,91636,94204,107825,48538
1263,100,143014,115084,118274,141407,58726
1264,100,37038,31298,32070,36723,17015
1265,100,120529,101866,104515,119367,60837
1266,100,236357,182144,189151,232851,95816
1267,100,109536,56189,57562,75828,43757
1268,100,47423,20756,20878,32629,17020
1269,100,69317,21239,21169,57895,19226
1270,100,93835,38904,38871,64255,32615
1271,100,294538,278158,278426,283809,209303
1272,100,149930,27393,27408,138490,19215
1273,100,95296,80369,78300,92823,66603
1274,100,321463,309858,309787,318717,212538
1275,100,76987,22695,22593,46880,18012
1276,100,215832,147585,147229,185559,114854
1277,100,96761,14655,14920,27710,10518
1278,100,179209,11133,11157,141479,8148
1279,100,148013,12445,12467,94105,9024
1280,151,98949,86938,87003,98181,73288
1281,151,38032,34930,35282,37565,25980
1282,151,120900,73631,37499,120395,96578
1283,151,121354,112883,112933,120814,95967
1284,151,139457,15019,15212,138380,29217
1285,151,126347,25020,25527,125674,40351
1286,151,120489,58934,56244,119809,85509
1287,151,76305,34500,32708,75837,41731
1288,151,88706,20405,20678,88067,39944
1289,151,62844,60938,61001,62647,53387
1290,151,143222,38185,37426,142289,81340
1291,151,148512,29083,31019,147095,41748
1292,151,114558,58030,60500,113936,83413
1293,151,155314,14259,14901,154194,35092
1294,151,142124,10845,13216,140364,28120
1295,151,22145,13276,14386,20221,11627
1296,151,21789,13948,15193,20038,11136
1297,151,18957,13236,14589,17958,10588
1298,100,59495,45537,48559,57291,31848
1299,100,71398,55463,57796,70439,39049
1300,100,217484,165902,172976,215226,117423
1301,100,102144,92265,92938,101040,53727
1302,100,42464,37016,37292,42002,24093
1303,100,252867,246511,246845,252529,191402
1304,100,52747,46340,46643,52309,33663
1305,100,82796,65571,70819,81478,35571
1306,100,112092,102710,102365,111787,85755
1307,100,212303,104262,104826,210671,68553
1308,100,98845,92310,93168,98666,72067
1309,100,122882,102923,104132,121759,64969
1310,100,85119,66374,67280,84606,46189
1311,100,201126,161181,161185,200554,122923
1312,100,98152,66536,67690,97233,39451
1313,100,105110,73731,75334,103658,48370
1314,100,31970,24239,26124,31376,17785
1315,100,50946,39415,39918,49132,22324
1316,100,75222,64494,65279,73936,35359
1317,100,62373,46751,48070,61245,33100
1318,100,32013,25121,26104,31182,16813
1319,100,40996,33091,33642,40192,21891
1320,100,38228,30775,31057,37872,17163
1321,100,31866,22702,22942,30818,13270
1322,100,94480,78244,80911,91057,48529
1323,100,79369,67782,70209,77027,41558
1324,100,81913,70749,73374,80196,45826
1325,151,16980,11319,12044,15704,8762
1326,151,22987,15051,16193,21161,10793
1327,151,52638,32787,35801,47752,24882
1328,151,17435,12465,13289,16409,8825
1329,151,17394,11086,12280,16042,7929
1330,151,22492,14824,15839,19950,10192
1331,151,36717,26590,28737,34474,18415
1332,151,26836,18198,19508,25019,13148
1333,151,33672,21163,22701,30068,15698
1334,151,23564,14711,15986,20544,10446
1335,151,21734,14000,15099,19332,10066
1336,151,21270,14468,15484,19379,10196
1337,151,27607,16308,18105,24219,12165
1338,151,21171,13470,14747,18791,9935
1339,151,19983,12257,13666,17798,9067
1340,151,23221,16652,17621,21215,11735
1341,151,30006,19403,21327,27672,15781
1342,151,23484,16538,17736,22108,13301
1343,138,56610,46973,48802,56423,43856
1344,138,35616,30440,33020,35505,27145
1345,138,124412,93862,99748,122964,62153
1346,138,247005,198316,206968,243002,105865
1347,100,150105,144207,144599,149385,88760
1348,100,91517,75371,77929,90515,59191
1349,100,76217,51526,54304,75025,49104
1350,100,85587,82881,83234,85293,68841
1351,100,87312,67017,67599,86869,51088
1352,100,87193,81408,80655,86165,62859
1353,100,94213,63543,71349,93009,58802
1354,100,130517,106497,109505,129811,61123
1355,100,60366,50493,51828,60011,30259
1356,100,125901,105136,108336,125355,63904
1357,100,173420,149196,154107,172529,84155
1358,100,36703,30089,31882,36495,18636
1359,100,193986,155984,161591,192390,88916
1360,100,210735,169174,174105,209561,97222
1361,100,80882,66996,69438,80212,40514
1362,151,93159,62774,66141,87370,50381
1363,151,31830,23898,24291,27988,15330
1364,151,65352,17840,18171,28341,12422
1365,151,35261,31495,31673,33425,23998
1366,151,69100,40066,40238,46595,29707
1367,151,69897,29486,29859,39422,20367
1368,151,49826,42404,42979,47674,32379
1369,151,56150,44342,44920,49811,30970
1370,151,59579,27396,28753,43129,19513
1371,151,34683,21923,22288,26554,18653
1372,151,52351,11917,12016,19164,7669
1373,151,257544,116264,117818,157813,77442
1374,151,49362,34461,36135,43610,25130
1375,151,77776,46571,47375,67752,32346
1376,151,36384,31812,32410,34231,23806
1377,151,55333,44757,47128,53361,37723
1378,151,49836,12285,12578,18220,8487
1379,151,72476,64753,64879,68739,48352
1380,151,50704,40716,42006,47911,35551
1381,151,22571,15559,15165,20319,12914
1382,151,57828,36628,36622,55218,40109
1383,151,22604,10518,10959,13697,7771
1384,151,112479,35009,32166,58507,26889
1385,151,76231,54999,52419,71954,44058
1386,151,21507,12816,13473,18042,11464
1387,151,43410,30590,31579,40438,24625
1388,151,24301,11331,11934,15240,9197
1389,151,33983,23820,24501,29023,17282
1390,151,85264,69436,69823,80650,50654
1391,151,86303,64381,65571,79849,44628
1392,151,61574,41929,43476,55772,33839
1393,151,83294,59823,61421,78854,49888
1394,151,44784,25887,28976,36338,20717
1395,151,54006,41772,42728,51393,31569
1396,151,61435,42072,43629,55729,33445
1397,151,70386,43395,45368,57826,34291
1398,151,38948,28291,28901,34388,20856
1399,151,59207,43718,46712,55846,35706
1400,151,71188,52943,50242,67074,40488
1401,151,71027,53182,49383,67203,41715
1402,151,65566,45255,43462,57379,34738
1403,151,119039,76454,72821,97171,57184
1404,151,40701,29003,30116,37045,20490
1405,151,66838,33001,31409,43824,24008
1406,151,46158,37692,37031,43197,28405
1407,151,41951,26956,26090,33408,19911
1408,151,91127,70042,67886,86411,52243
1409,151,63669,45606,43031,56610,33199
1410,151,31920,20057,20468,24388,14381
1411,151,71469,52671,55039,65858,34370
1412,151,62726,47855,49277,57975,31609
1413,151,91370,15827,16116,29849,10340
1414,151,72753,34349,35035,42426,22308
1415,151,60863,47296,49730,57798,37841
1416,151,46739,35979,36975,41759,25266
1417,151,83641,49514,51616,75972,33975
1418,151,59504,44822,44830,52866,30377
1419,151,40634,29224,30463,38467,21488
1420,151,82268,69619,70284,77723,50755
1421,151,18869,12174,12355,13422,9121
1422,151,41727,38467,38532,40246,31821
1423,151,99248,45773,47446,82101,54526
1424,151,17249,11118,11651,14843,7874
1425,151,20961,13430,14691,17348,9088
1426,151,33820,20191,21058,24076,15798
1427,151,53811,43506,43700,51202,35310
1428,151,50656,33834,34835,40824,29450
1429,151,64245,33121,35352,57230,39700
1430,151,62625,50357,51339,58247,35567
1431,151,47160,39816,39953,45438,34082
1432,151,35730,26705,27566,33287,20240
1433,151,86888,72542,72223,82572,52903
1434,151,25891,17241,17470,19251,13089
1435,151,80948,48109,47775,57909,35807
1436,151,65635,54277,54021,62243,39793
1437,151,45902,41727,29897,44638,33367
1438,151,47172,35370,36046,42083,28117
1439,151,67417,54066,55261,63348,42649
1440,151,85483,27643,27525,80147,58215
1441,100,234646,216897,217635,232778,143436
1442,100,108079,102493,103230,105931,60400
1443,100,85482,70510,71164,75343,40926
1444,100,42829,21822,22030,26678,14927
1445,100,72697,23262,23086,29358,17028
1446,100,66236,40955,41243,46136,26650
1447,100,71416,34627,34963,41365,23962
1448,100,63680,21923,22058,29610,14493
1449,100,101121,68291,68763,74248,42092
1450,100,129305,75307,76092,81745,56322
1451,100,163364,41493,41979,47097,28267
1452,100,200282,88464,88855,95530,57975
1453,100,97572,60675,61027,64541,40857
1454,100,157505,48986,49364,80731,34767
1455,100,168452,134598,135334,162304,81494
1456,100,92930,75497,76118,80426,44107
1457,100,56421,34887,35022,52581,22217
1458,100,32784,30208,30276,32317,21921
1459,100,94288,91069,91560,93765,58055
1460,100,40823,35493,35727,36581,23461
1461,100,137541,130855,131536,136034,79343
1462,100,118321,108259,109273,117071,72725
1463,100,95936,85553,86434,94835,60807
1464,100,292915,273794,275633,290833,179303
1465,100,121844,118135,118613,121222,80519
1466,100,88690,85196,85385,88246,57251
1467,100,128011,123753,124072,127372,80996
1468,100,146519,133456,134332,145465,90883
1469,100,50148,49120,49161,49912,34204
1470,141,29063,18001,19432,27317,14925
1471,141,25532,11489,13115,24883,12968
1472,141,32617,28921,29181,32221,17002
1473,141,26012,11777,14182,25575,13076
1474,141,40516,33896,34502,39879,22801
1475,141,38424,25663,26889,37808,20330
1476,141,70587,47544,55163,69782,46263
1477,141,27574,26093,26213,27399,18458
1478,141,49841,11643,11983,48982,31415
1479,141,57493,20684,21815,56570,36044
1480,141,79237,28145,31941,78155,49077
1481,141,47044,36651,37814,45171,28145
1482,141,72544,25112,27791,71158,43055
1483,141,31307,14186,16202,30818,16325
1484,141,80807,24381,27150,78709,43314
1485,141,55007,22463,26023,53953,32314
1486,141,62163,21810,22480,61350,39491
1487,141,38256,15057,16521,37576,21184
1488,141,49885,29428,31329,49260,31478
1489,141,35681,19916,21232,35170,17010
1490,141,36782,24763,25983,36105,19820
1491,141,32499,29789,29787,32251,22501
1492,141,64419,24982,28909,63624,40108
1493,141,79183,31236,32444,77869,48061
1494,141,32200,24134,25002,31726,19255
1495,141,46342,17997,19775,45566,27574
1496,141,31205,29720,29817,30982,21672
1497,141,33337,29262,29794,33048,21823
1498,141,206437,110571,113914,204545,130239
1499,141,194446,104189,109054,191586,117263
1500,141,160394,95050,104826,158215,86451
1501,141,149372,138972,139735,148095,99934
1502,141,149307,123498,125366,147647,92913
1503,141,142621,70871,81601,140759,74043
1504,141,159032,102076,110381,157009,91492
1505,141,133110,66839,72310,130333,67352
1506,141,145377,69188,77466,141783,75156
1507,141,151320,130522,132708,148570,95903
1508,141,37826,30254,31043,36964,20879
1509,141,147351,40458,46852,145759,79486
1510,141,25820,24399,24509,25639,17472
1511,141,31424,15041,17095,30963,16010
1512,141,115392,94594,96375,114266,72296
1513,141,170999,111077,117898,169023,94922
1514,141,141816,84126,94160,129187,72590
1515,141,34521,31835,32033,34236,23209
1516,141,30894,20055,21509,30488,17366
1517,141,36387,33084,33426,36022,24143
1518,141,36761,31470,32203,36396,23512
1519,141,31734,22806,23875,31235,18197
1520,141,72250,31161,32544,71412,45890
1521,141,45414,15445,16555,43971,19098
1522,141,49124,27545,29335,48091,26461
1523,141,34350,30045,30083,33894,20783
1524,141,33110,28252,28675,32683,21049
1525,141,35287,17426,18715,34124,13463
1526,141,31362,19475,20047,30474,14017
1527,141,29453,13758,15388,28668,12996
1528,141,59288,42246,45474,58357,36780
1529,141,29948,16858,18427,29537,16012
1530,141,38807,24069,26034,37993,19747
1531,141,37447,19982,21325,36332,16424
1532,141,42372,18427,20026,40860,16540
1533,141,65199,34909,37736,64450,40785
1534,141,28195,14508,16512,27607,14028
1535,141,60604,45291,45813,59984,37883
1536,141,37458,33760,34043,37095,19383
1537,141,24838,11082,13032,24444,11900
1538,141,44180,26098,27831,42197,19344
1539,141,28511,13526,15856,28109,14527
1540,141,34492,17825,19786,33748,17901
1541,100,42330,37626,38219,41632,21412
1542,100,58051,52101,53381,57260,34725
1543,100,50027,40707,41866,48164,26242
1544,100,26217,20577,20669,24275,12543
1545,100,21800,19971,20248,21568,12013
1546,100,32156,29851,30054,31947,20221
1547,100,47069,43958,44206,46648,26038
1548,100,65520,61845,62213,64886,39636
1549,100,27168,22505,22898,25609,11749
1550,100,30930,29455,29596,30643,18107
1551,100,68380,60721,61987,65939,34935
1552,100,22644,20415,20701,22203,12561
1553,100,32743,31392,31541,32468,21816
1554,100,30810,24221,24453,29064,16482
1555,100,40026,36248,37410,39539,23704
1556,100,73106,67108,67712,71649,42923
1557,100,34354,30535,31230,33601,15686
1558,100,61551,59640,59643,61228,44687
1559,100,42355,38603,39069,42000,24517
1560,100,38097,36733,36873,37945,23094
1561,100,42478,37240,38224,41460,19317
1562,100,61143,57112,58709,60715,38661
1563,100,32947,30923,31136,32420,19798
1564,100,44540,40983,41496,44145,25783
1565,100,35409,32080,32362,34653,20335
1566,100,44583,39982,40529,43323,23740
1567,100,76010,68930,69596,72825,47703
1568,100,32422,29952,30203,32067,19052
1569,100,25732,23240,23592,25349,13848
1570,100,36259,30161,32012,35873,21461
1571,100,54819,52002,52501,54493,33347
1572,100,33033,31421,31576,32848,21428
1573,100,40646,37741,38406,40212,22355
1574,100,22695,19508,19746,22479,12391
1575,100,32904,30653,30792,32262,21914
1576,100,25373,24574,24681,25260,16652
1577,100,40080,37520,37827,39691,23315
1578,138,100363,65223,70384,95147,43405
1579,138,77105,44100,47787,74072,32657
1580,138,107147,70217,74571,102457,41686
1581,138,79648,54645,58190,77412,39184
1582,138,136244,75746,82931,128663,62888
1583,138,150310,99494,106510,144049,66301
1584,138,41108,28559,29058,40525,23583
1585,138,116504,69879,74840,111349,58727
1586,138,140211,110163,113508,135127,64750
1587,138,104741,65570,71309,97916,41358
1588,138,96699,83856,85761,95392,52987
1589,138,118455,78976,84147,111651,45604
1590,138,230249,164704,174874,219388,99781
1591,138,250875,155714,159605,246343,124731
1592,138,102921,62096,66037,98514,47225
1593,138,73896,50876,53823,70508,30525
1594,138,96354,60278,64801,94326,44836
1595,138,81027,57293,60837,77685,33814
1596,138,89026,62625,66048,85578,34780
1597,138,240452,133626,144606,226143,93279
1598,138,116423,57481,65050,109494,54722
1599,138,94777,52638,56819,92578,44576
1600,138,83933,61582,64759,82497,46171
1601,138,112373,74474,79173,108750,48075
1602,138,148069,101620,108295,142483,68894
1603,138,97033,63512,68121,92878,42566
1604,138,81624,67906,71711,79895,44289
1605,138,118498,69225,72212,112052,47194
1606,138,241930,98353,106275,224108,93556
1607,138,89957,55869,58924,88136,43886
1608,138,92186,49007,54592,86645,44106
1609,138,107237,72104,76125,104661,51571
1610,138,108073,60316,67495,102745,50567
1611,138,144147,98204,104220,138141,62314
1612,138,115570,69205,73845,110005,53575
1613,138,83966,46862,51801,79856,41048
1614,138,105577,70099,73976,102382,44919
1615,138,126944,85944,92424,121856,52933
1616,138,101941,84008,85392,100239,55773
1617,138,111886,79553,81548,107502,50375
1618,138,72703,60135,62858,71485,38725
1619,138,173795,119616,128395,165041,72080
1620,138,108647,91309,92367,106952,58889
1621,138,101106,50476,52844,97346,42727
1622,138,76123,45298,47200,73776,35208
1623,138,99648,64695,67522,97822,52660
1624,138,98192,64770,67675,95468,51830
1625,138,65797,47090,49534,65056,44104
1626,138,98043,65686,70933,94295,41964
1627,138,88078,57987,61965,83199,38617
1628,138,121827,69110,75597,115519,55695
1629,138,138688,89754,95530,133366,55074
1630,138,113149,75111,81021,108876,46066
1631,138,74076,49817,53373,73073,39085
1632,138,103491,55488,60840,97498,47822
1633,138,111238,73064,77579,107451,46026
1634,138,128498,80924,85783,123929,55206
1635,138,139979,94502,100695,133734,60593
1636,138,76335,62087,64560,75060,40406
1637,138,78947,65564,69148,77345,42623
1638,138,123893,81056,86662,116949,50258
1639,138,79026,51885,58949,77057,42036
1640,138,59369,35387,38887,57222,28850
1641,138,86868,54787,57413,85705,47958
1642,138,82497,49577,54240,79643,41095
1643,138,83101,46090,51735,79329,39068
1644,138,82179,56448,59887,78733,34603
1645,138,121471,66637,68527,116204,57192
1646,138,81616,57414,59974,79563,40097
1647,138,106840,76048,77128,105493,62947
1648,138,113437,68847,74960,106786,48231
1649,138,35493,27088,27783,34889,20510
1650,138,79152,63717,64458,78116,44084
1651,138,82922,71068,72821,81748,45371
1652,138,78976,57587,60146,74492,33714
1653,138,95399,68597,72260,90510,42057
1654,138,69544,49247,50484,66613,29995
1655,138,98323,65787,69627,91600,41085
1656,138,95082,66756,69590,93503,49874
1657,138,110600,54436,60911,104183,52817
1658,138,75337,42050,43385,74167,40562
1659,138,95490,53063,58076,90266,45550
1660,138,111997,62489,68998,106158,54009
1661,138,102994,76573,79643,100446,48268
1662,138,121127,89800,94439,118366,69056
1663,138,132838,99906,101780,131234,77607
1664,138,92237,68071,72154,89226,44039
1665,138,134056,90972,97538,127630,57812
1666,138,127752,86445,92156,126314,77249
1667,138,103096,61217,65662,99665,53426
1668,138,89485,57277,62291,87945,45536
1669,138,150362,105669,111128,144552,59380
1670,138,90027,59613,64231,86564,39945
1671,138,88518,64871,65904,87455,55429
1672,138,63140,49893,52148,61322,34857
1673,138,76434,57856,60130,73634,33147
1674,138,68757,59761,60990,67830,37483
1675,138,73709,48600,51048,71794,35575
1676,138,104551,68729,73530,97967,41459
1677,138,78359,50296,54189,74623,35478
1678,138,70439,53039,54278,69202,38396
1679,138,109324,71649,76269,104665,45699
1680,138,91996,60421,65166,88829,44225
1681,138,123209,68616,74878,116206,59274
1682,138,135991,93980,100224,130680,60151
1683,138,109491,73235,78814,105142,46660
1684,151,36016,25803,26362,34249,22401
1685,151,32299,26867,27730,30892,17518
1686,151,30410,25424,25952,28727,18052
1687,151,29397,23656,23635,28273,17787
1688,151,31252,25948,26884,29526,18410
1689,151,34205,28684,29181,32212,19362
1690,151,24932,20969,21769,23830,14803
1691,151,30075,23825,24194,28565,17713
1692,151,24196,20544,20894,22893,14919
1693,151,30602,26332,26850,29059,18676
1694,151,29707,22570,24546,28216,16449
1695,151,29357,24175,24822,27734,15987
1696,151,27375,22391,24025,26125,16601
1697,151,32676,24541,24941,30388,16621
1698,151,24788,14868,15120,18678,9912
1699,151,39415,15696,16052,25177,13564
1700,151,31204,20949,21394,28728,17228
1701,151,29573,20036,20786,26483,16714
1702,151,30590,23508,23946,29222,16081
1703,151,29764,23947,24591,28547,18742
1704,151,21717,16930,17124,20190,11213
1705,151,105308,102548,102818,105117,70587
1706,151,49094,47539,47574,48965,39532
1707,151,71037,66714,67469,70603,45933
1708,151,97424,94175,94302,97067,63254
1709,151,60166,58451,58288,60009,34424
1710,151,54153,53479,53545,54107,46311
1711,151,141603,128517,130660,139679,81167
1712,151,113147,106390,106972,112455,71571
1713,151,111780,102734,104205,110518,73023
1714,151,113835,106527,105320,113251,80035
1715,151,82289,76593,77409,81808,37415
1716,151,97606,94841,94487,97423,40450
1717,151,82893,81565,81136,82796,30173
1718,151,116366,112825,113370,116140,81766
1719,151,91878,86297,87447,91155,51962
1720,151,53126,51772,52020,53021,41276
1721,151,60158,58766,58807,60033,34597
1722,151,62679,61389,61856,62581,49630
1723,151,54056,52115,51934,53944,23926
1724,151,66075,64066,62094,65915,37652
1725,151,70002,67751,67859,69814,44819
1726,151,72876,69661,69769,72458,50194
1727,151,106931,98660,99213,106207,56750
1728,151,104656,100474,100874,104373,66775
1729,151,96855,94783,95368,96693,73270
1730,151,109601,105948,105283,109177,62672
1731,151,61514,54202,55315,60580,32452
1732,151,79111,77788,78344,78981,65682
1733,151,51130,47208,47656,50853,22727
1734,151,70967,67942,68195,70792,53747
1735,151,39915,36285,37567,39660,26452
1736,151,20173,17589,18347,19974,12077
1737,151,56111,48617,53133,55772,35538
1738,151,93951,80588,83297,92330,44596
1739,151,69804,68445,68196,69656,27824
1740,151,94055,92301,92462,93807,64439
1741,151,86235,84009,84360,86006,58650
1742,151,88706,85817,86399,88161,49743
1743,151,81631,80229,80046,81423,38173
1744,151,78130,76478,76664,77914,43668
1745,151,74876,72209,72349,74648,49826
1746,151,70071,67060,67338,69763,40818
1747,151,62699,61576,61534,62578,33068
1748,151,78898,77918,78429,78783,63289
1749,151,101405,98664,98976,101231,51558
1750,151,136742,133538,133665,136240,106996
1751,151,72341,70315,70978,72145,51509
1752,151,70609,67474,68048,70329,46392
1753,151,87604,82057,82514,87255,37669
1754,151,81050,78515,78411,80698,46894
1755,151,70424,68856,68775,70240,47067
1756,151,82858,79318,79054,82510,43538
1757,151,72726,67492,52184,72162,47605
1758,151,54395,46516,46861,54083,24125
1759,151,63185,53907,56239,62162,31651
1760,151,80795,77652,77996,80521,45035
1761,151,80870,79838,79240,80727,58726
1762,151,84372,78690,78538,84071,36694
1763,145,90651,32679,32901,90295,74123
1764,145,87114,56704,54519,86278,66301
1765,145,100926,36992,44343,99504,68805
1766,145,80061,40235,47625,78621,46924
1767,145,55606,22223,28407,55208,34815
1768,145,99265,41066,46347,98364,59176
1769,145,96625,44733,41449,95838,61995
1770,145,102771,61883,64592,102127,71818
1771,145,83245,35537,41007,82790,55755
1772,145,56184,37316,35630,55853,39027
1773,145,86134,48644,58404,85269,53174
1774,145,134316,76636,91462,133627,87175
1775,145,66972,31479,30820,66603,45552
1776,145,86025,52048,62529,85209,55521
1777,145,105401,59169,69626,104001,62275
1778,145,84481,51621,58113,83239,49964
1779,145,111300,56562,61191,110377,69332
1780,145,107067,59885,54203,106206,66888
1781,145,64115,27058,33061,63746,43043
1782,145,78291,39110,46046,77391,48196
1783,145,85969,45018,53048,85276,53973
1784,145,92258,42143,45077,91602,58637
1785,145,97552,71623,72479,96922,62713
1786,145,118289,48891,68895,117395,75972
1787,145,73382,26446,38603,72771,45168
1788,145,73540,39778,45445,73088,47354
1789,145,119574,76786,82743,118448,73108
1790,145,110429,70583,66917,109546,70051
1791,145,108479,71316,68569,107512,67294
1792,145,100451,63261,67273,98502,60370
1793,145,108352,73163,81302,106891,63994
1794,145,51840,24849,29337,49506,26576
1795,145,118281,64707,62743,117215,75078
1796,145,97424,61472,68631,95326,58025
1797,145,94937,42709,50142,93200,56845
1798,145,96825,54383,63752,94365,56557
1799,145,96556,56334,60981,95574,64368
1800,145,92746,32340,34651,92084,63247
1801,145,99534,43426,49322,97572,55638
1802,145,115305,32562,63939,114132,76005
1803,145,95773,42092,39799,95251,65016
1804,145,99243,66268,68606,98224,58870
1805,145,69784,33537,44469,69091,42917
1806,145,56302,30323,33513,55823,36948
1807,145,94574,53814,59391,93149,57253
1808,145,72264,33938,36049,71557,45401
1809,145,62566,27349,39437,62139,42699
1810,145,75541,45303,51499,75202,57812
1811,145,60830,25334,28961,60181,39171
1812,145,139135,95350,99192,136409,76000
1813,145,101570,72724,79123,100744,69629
1814,145,110463,69019,77485,109498,72967
1815,145,89317,50850,65455,88668,56445
1816,145,77587,44265,49267,76787,49737
1817,145,110579,67787,90200,109475,72432
1818,145,72922,57114,58229,72574,57030
1819,145,53910,22505,25991,53176,31685
1820,145,70908,44801,49825,70411,49530
1821,145,47794,21281,20301,47492,34181
1822,145,69216,28947,35981,68709,44509
1823,145,75172,29883,42792,73879,44866
1824,145,87901,49019,55323,86833,52738
1825,145,54965,29544,26044,54544,36035
1826,145,100331,44755,52833,98100,57826
1827,100,107766,43552,43735,101296,39651
1828,100,142321,136401,136723,141566,105716
1829,100,44285,13977,13982,41181,10680
1830,100,174243,147487,147836,169897,109539
1831,100,157495,136594,137228,148516,102404
1832,100,145105,139347,139643,144199,100213
1833,100,134329,107599,107786,122489,82534
1834,100,327784,210555,220715,323086,169662
1835,100,110729,50182,55010,101634,39090
1836,100,263234,94217,94314,208620,66999
1837,100,100369,66570,70584,96673,49193
1838,100,47783,46216,46222,47209,36102
1839,100,281695,263550,264381,279625,211707
1840,100,369543,358394,358535,365488,271036
1841,150,217182,215906,215173,217055,154289
1842,150,127538,127207,127131,127484,105195
1843,150,211322,210094,209328,211204,146623
1844,150,126173,125806,125673,126132,103064
1845,150,74196,52291,55597,73223,37502
1846,150,143154,141708,141206,143043,94306
1847,150,129822,129397,129283,129771,105213
1848,150,492866,357022,379238,488605,287461
1849,150,220977,219537,218676,220846,152041
1850,150,129051,128509,128350,128990,102204
1851,150,106541,78509,85134,104720,54601
1852,150,113923,113577,113482,113864,92799
1853,150,203582,202181,201389,203481,141770
1854,150,232317,230061,228630,232193,137683
1855,150,117915,117407,117269,117867,95049
1856,150,259505,181391,204356,257404,154792
1857,150,187136,186011,185271,187048,128339
1858,150,96645,96411,96344,96609,79109
1859,150,105485,79091,84680,103902,54332
1860,150,63117,44269,47159,62191,33545
1861,150,204247,203180,202558,204148,147440
1862,150,128881,128519,128430,128828,106557
1863,150,272688,204488,220889,270578,162095
1864,150,94511,70344,75690,93065,46941
1865,150,84150,56351,61441,82932,46860
1866,150,108447,107837,107460,108388,78112
1867,150,138902,138137,138038,138797,113466
1868,150,106748,80531,86330,104837,51772
1869,150,209191,208037,207398,209064,152677
1870,150,102123,101768,101648,102071,82094
1871,150,108526,81628,87120,106696,53086
1872,150,125614,124695,124602,125496,100118
1873,150,67092,49800,53307,66110,35418
1874,150,90905,65936,70603,89404,47889
1875,150,114694,113986,113590,114644,80935
1876,150,118597,118124,118066,118504,97718
1877,150,112503,80797,88171,110665,57626
1878,150,75372,56106,58510,74290,41186
1879,150,238943,237500,236558,238830,164926
1880,150,106861,106562,106495,106818,87788
1881,150,269094,204040,221456,266994,158104
1882,150,93871,69486,74049,92562,51655
1883,150,94814,69705,73325,92817,45208
1884,150,198576,196682,195635,198438,129113
1885,150,87979,63514,67247,86600,48649
1886,150,276981,275074,273746,276779,180260
1887,150,117530,116277,116154,117444,93363
1888,150,117605,81595,93068,116637,69806
1889,150,137551,137060,136958,137483,112951
1890,150,228566,226627,225988,228276,162325
1891,150,127728,126975,126895,127656,103757
1892,150,350485,262994,289731,347606,202879
1893,150,113022,82571,89715,111194,56916
1894,150,86400,62409,65850,84877,46213
1895,150,115061,114461,114171,115007,85541
1896,150,130337,129930,129873,130271,106304
1897,150,72090,55498,58638,70605,34636
1898,150,105825,105297,105023,105775,79219
1899,150,111866,111557,111483,111815,92283
1900,150,126062,125402,125000,126005,91974
1901,150,131359,131022,130961,131294,109420
1902,150,67384,51383,54816,66230,33760
1903,150,231855,230489,229759,231740,169770
1904,150,111242,110795,110479,111176,84764
1905,150,202549,201443,200841,202449,147494
1906,150,98884,98493,98424,98836,82638
1907,150,82869,60541,64976,81628,43713
1908,150,158541,124305,129362,157119,91318
1909,150,126169,125468,124926,126123,86274
1910,150,135236,134798,134704,135175,110579
1911,150,118926,88819,95302,117564,64255
1912,150,101924,74775,79314,99812,51285
1913,150,168635,167571,167069,168549,123379
1914,150,139125,138677,138572,139068,115636
1915,150,94046,70451,74695,92280,48283
1916,150,91353,66398,71055,89392,49827
1917,150,232737,231415,230554,232627,163969
1918,150,111730,111092,111028,111658,93030
1919,150,95452,70691,76604,94094,53606
1920,150,85866,64621,68238,84146,48531
1921,150,111983,111382,111005,111929,79435
1922,150,144847,143575,143491,144722,119122
1923,150,116516,86688,95079,115379,68127
1924,150,115025,81730,87963,112631,61156
1925,150,124575,123815,123333,124520,85875
1926,150,88836,88556,88480,88778,73482
1927,150,47618,34765,36967,46788,24231
1928,150,96436,68867,74227,94717,55943
1929,150,90807,63995,69573,89436,50002
1930,150,104523,104041,103709,104483,75960
1931,150,132498,132165,132122,132439,112053
1932,150,80082,59148,62944,78893,43581
1933,150,93214,68158,72295,91446,49597
1934,150,160412,159370,158695,160331,107942
1935,150,125452,125054,124976,125400,104590
1936,150,92122,63380,68008,89883,48813
1937,150,122993,122656,122528,122948,100899
1938,150,124004,122982,122488,123893,84086
1939,150,97455,96422,96396,97348,81478
1940,150,168152,167575,167488,168070,138789
1941,150,169795,168412,167703,169691,115174
1942,150,128038,127716,127702,127983,109364
1943,150,78029,50220,55596,76750,43908
1944,150,177769,176260,175677,177658,123859
1945,150,143205,142751,142685,143124,119748
1946,150,105611,77946,83629,104549,61520
1947,150,109339,108475,108136,109281,77000
1948,150,53609,53365,53342,53584,45199
1949,150,120290,85465,91663,118658,68565
1950,150,233333,232054,231141,233244,162903
1951,150,112087,111643,111576,112029,92933
1952,150,85576,62916,67166,84325,46744
1953,150,67156,48837,54718,66598,41167
1954,150,110061,81058,86278,108451,62805
1955,150,110099,109478,109152,110031,80105
1956,150,132931,132551,132470,132878,111668
1957,150,112422,82094,87785,110784,62718
1958,150,82157,65346,67471,80673,43290
1959,150,115187,114271,113985,115130,83530
1960,150,133862,132557,132614,133722,109240
1961,150,93518,69901,74228,92028,50570
1962,150,113845,113022,112685,113773,83083
1963,150,123518,123122,123073,123459,103942
1964,150,130848,129617,129240,130780,92275
1965,150,142225,141836,141790,142162,119453
1966,150,99940,70630,76608,98588,57469
1967,150,97146,71524,78768,96413,58870
1968,150,212792,210411,210368,212664,176455
1969,150,231303,226440,227717,231150,153000
1970,150,258026,232327,232709,257397,177798
1971,150,231726,211183,227755,231545,149114
1972,150,568818,448904,474545,559095,269254
1973,150,230737,225582,225596,230561,187910
1974,150,180490,179503,178989,180410,131374
1975,150,498118,365302,396620,493967,295829
1976,150,565383,459452,482456,556631,275980
1977,150,233431,232392,232325,233249,196678
1978,150,200184,197527,197166,200050,140903
1979,150,245406,227239,227328,245039,183805
1980,150,184764,183281,182705,184657,128824
1981,150,222694,221272,220434,222600,153487
1982,150,139606,139257,139174,139545,115994
1983,150,279587,196958,222916,277686,174497
1984,150,79664,56813,65060,78866,47376
1985,150,137295,136561,136151,137233,101210
1986,150,107005,106666,106594,106959,88713
1987,150,113238,112592,112280,113176,82740
1988,150,49140,48986,48951,49124,41000
1989,150,178640,177998,177946,178510,148686
1990,150,119625,88039,94432,117587,67135
1991,150,138898,138172,137693,138835,99720
1992,150,82060,81811,81782,82021,69658
1993,150,92772,68217,74447,91948,53679
1994,150,127573,92056,102378,126482,74997
1995,150,125047,124344,123968,124983,90850
1996,150,138753,138268,138165,138702,115902
1997,150,345657,243403,272832,342881,204706
1998,150,89747,62332,70308,88986,53892
1999,150,92336,66419,71897,90693,50070
